model,train_size,test_size,MAE,RMSE,R2
Random forest,8474,2119,0.7453645989877637,0.9790346179666608,0.46756393504004834
Gradient boosting,8474,2119,0.8908320685823246,1.1208277175524228,0.30217087275433485
Ridge regression,8474,2119,0.9794164151505184,1.2183531576047881,0.17544855972322904
Dummy mean,8474,2119,1.1037592663487392,1.3424151890884637,-0.0010253670814650562
